{
  // map vars
  "mapSize": [ 49.0 /*x*/, 34.0 /*y*/ ],
  "mapScale": 35.0,
  "spacing": 0.05,
  "mapTex": "Resources/map.png",
  "minimapTex": "Resources/miniMap.png",
  // player vars
  "playerOffset": [ 26.5, 4.0 ],
  "playerSize": 0.5,
  "playerHitbox": [ 0.65, 0.85 ],
  "playerSpeed": 4.0,
  "playerSprintSpeed": 6,
  "playerTex": "Resources/ghost.png",
  "playerModulate": [ 0.35 /*r*/, 0.0 /*g*/, 0.7 /*b*/ ],
  "flashlightColor": [ 0.3 /*r*/, 0.3 /*g*/, 0.0 /*b*/, 0.25 /*a*/ ],
  "flashlightRange": 2.0,
  // enemy vars
  "enemySpeed": 5,
  "enemyTexPath": "Resources/ghost.png",
  "enemyModulate": [ 0.0, 0.0, 0.7 ],
  // map vars
  "horizontalWallData": [
    // y level, x start, x end
    [ 33, 1, 48 ],
    [ 23, 1, 25 ],
    [ 23, 28, 35 ],
    [ 20, 35, 48 ],
    [ 11, 18, 35 ],
    [ 6, 39, 48 ],
    [ 5, 1, 14 ],
    [ 1, 1, 48 ]
  ],
  "verticalWallData": [
    // x level, y start, y end
    [ 1, 1, 33 ],
    [ 14, 1, 5 ],
    [ 18, 1, 5 ],
    [ 18, 7, 16 ],
    [ 18, 18, 23 ],
    [ 22, 23, 33 ],
    [ 34, 23, 33 ],
    [ 35, 1, 5 ],
    [ 35, 7, 16 ],
    [ 35, 18, 23 ],
    [ 39, 1, 6 ],
    [ 48, 1, 33 ]
  ],
  // instance vars
  "instanceUnlitTex": "Resources/white.png",
  "instanceWorkingTex": "Resources/green.png",
  "instanceBrokenTex": "Resources/red.png",
  "instanceBrokenChance": 5, //%
  // data for each machine
  // x, y, id, bank, zone
  "instanceData": [
    [ 3, 19, 1, 1, 1 ],
    [ 4, 19, 4, 1, 1 ],
    [ 3, 18, 2, 1, 1 ],
    [ 4, 18, 3, 1, 1 ],
    [ 3, 15, 1, 2, 1 ],
    [ 4, 15, 8, 2, 1 ],
    [ 3, 14, 2, 2, 1 ],
    [ 4, 14, 7, 2, 1 ],
    [ 3, 13, 3, 2, 1 ],
    [ 4, 13, 6, 2, 1 ],
    [ 3, 12, 4, 2, 1 ],
    [ 4, 12, 5, 2, 1 ],
    [ 3, 9, 1, 3, 1 ],
    [ 4, 9, 6, 3, 1 ],
    [ 3, 8, 2, 3, 1 ],
    [ 4, 8, 5, 3, 1 ],
    [ 3, 7, 3, 3, 1 ],
    [ 4, 7, 4, 3, 1 ],
    [ 7, 21, 1, 4, 1 ],
    [ 8, 21, 8, 4, 1 ],
    [ 7, 20, 2, 4, 1 ],
    [ 8, 20, 7, 4, 1 ],
    [ 7, 19, 3, 4, 1 ],
    [ 8, 19, 6, 4, 1 ],
    [ 7, 18, 4, 4, 1 ],
    [ 8, 18, 5, 4, 1 ],
    [ 7, 15, 1, 5, 1 ],
    [ 8, 15, 8, 5, 1 ],
    [ 7, 14, 2, 5, 1 ],
    [ 8, 14, 7, 5, 1 ],
    [ 7, 13, 3, 5, 1 ],
    [ 8, 13, 6, 5, 1 ],
    [ 7, 12, 4, 5, 1 ],
    [ 8, 12, 5, 5, 1 ],
    [ 7, 9, 1, 6, 1 ],
    [ 8, 9, 6, 6, 1 ],
    [ 7, 8, 2, 6, 1 ],
    [ 8, 8, 5, 6, 1 ],
    [ 7, 7, 3, 6, 1 ],
    [ 8, 7, 4, 6, 1 ],
    [ 11, 21, 1, 7, 1 ],
    [ 12, 21, 8, 7, 1 ],
    [ 11, 20, 2, 7, 1 ],
    [ 12, 20, 7, 7, 1 ],
    [ 11, 19, 3, 7, 1 ],
    [ 12, 19, 6, 7, 1 ],
    [ 11, 18, 4, 7, 1 ],
    [ 12, 18, 5, 7, 1 ],
    [ 11, 15, 1, 8, 1 ],
    [ 12, 15, 8, 8, 1 ],
    [ 11, 14, 2, 8, 1 ],
    [ 12, 14, 7, 8, 1 ],
    [ 11, 13, 3, 8, 1 ],
    [ 12, 13, 6, 8, 1 ],
    [ 11, 12, 4, 8, 1 ],
    [ 12, 12, 5, 8, 1 ],
    [ 11, 9, 1, 9, 1 ],
    [ 12, 9, 6, 9, 1 ],
    [ 11, 8, 2, 9, 1 ],
    [ 12, 8, 5, 9, 1 ],
    [ 11, 7, 3, 9, 1 ],
    [ 12, 7, 4, 9, 1 ],
    [ 15, 21, 1, 10, 1 ],
    [ 16, 21, 8, 10, 1 ],
    [ 15, 20, 2, 10, 1 ],
    [ 16, 20, 7, 10, 1 ],
    [ 15, 19, 3, 10, 1 ],
    [ 16, 19, 6, 10, 1 ],
    [ 15, 18, 4, 10, 1 ],
    [ 16, 18, 5, 10, 1 ],
    [ 15, 15, 1, 11, 1 ],
    [ 16, 15, 8, 11, 1 ],
    [ 15, 14, 2, 11, 1 ],
    [ 16, 14, 7, 11, 1 ],
    [ 15, 13, 3, 11, 1 ],
    [ 16, 13, 6, 11, 1 ],
    [ 15, 12, 4, 11, 1 ],
    [ 16, 12, 5, 11, 1 ],
    [ 15, 9, 1, 12, 1 ],
    [ 16, 9, 6, 12, 1 ],
    [ 15, 8, 2, 12, 1 ],
    [ 16, 8, 5, 12, 1 ],
    [ 15, 7, 3, 12, 1 ],
    [ 16, 7, 4, 12, 1 ],
    [ 15, 4, 1, 13, 1 ],
    [ 16, 4, 4, 13, 1 ],
    [ 15, 3, 2, 13, 1 ],
    [ 16, 3, 3, 13, 1 ],
    [ 19, 21, 1, 14, 3 ],
    [ 20, 21, 8, 14, 3 ],
    [ 19, 20, 2, 14, 3 ],
    [ 20, 20, 7, 14, 3 ],
    [ 19, 19, 3, 14, 3 ],
    [ 20, 19, 6, 14, 3 ],
    [ 19, 18, 4, 14, 3 ],
    [ 20, 18, 5, 14, 3 ],
    [ 19, 15, 1, 15, 3 ],
    [ 20, 15, 8, 15, 3 ],
    [ 19, 14, 2, 15, 3 ],
    [ 20, 14, 7, 15, 3 ],
    [ 19, 13, 3, 15, 3 ],
    [ 20, 13, 6, 15, 3 ],
    [ 19, 12, 4, 15, 3 ],
    [ 20, 12, 5, 15, 3 ],
    [ 19, 9, 1, 16, 2 ],
    [ 20, 9, 6, 16, 2 ],
    [ 19, 8, 2, 16, 2 ],
    [ 20, 8, 5, 16, 2 ],
    [ 19, 7, 3, 16, 2 ],
    [ 20, 7, 4, 16, 2 ],
    [ 19, 4, 1, 17, 2 ],
    [ 20, 4, 4, 17, 2 ],
    [ 19, 3, 2, 17, 2 ],
    [ 20, 3, 3, 17, 2 ],
    [ 23, 31, 1, 18, 4 ],
    [ 24, 31, 6, 18, 4 ],
    [ 23, 30, 2, 18, 4 ],
    [ 24, 30, 5, 18, 4 ],
    [ 23, 29, 3, 18, 4 ],
    [ 24, 29, 4, 18, 4 ],
    [ 23, 27, 1, 19, 4 ],
    [ 24, 27, 8, 19, 4 ],
    [ 23, 26, 2, 19, 4 ],
    [ 24, 26, 7, 19, 4 ],
    [ 23, 25, 3, 19, 4 ],
    [ 24, 25, 6, 19, 4 ],
    [ 23, 24, 4, 19, 4 ],
    [ 24, 24, 5, 19, 4 ],
    [ 23, 21, 1, 20, 3 ],
    [ 24, 21, 8, 20, 3 ],
    [ 23, 20, 2, 20, 3 ],
    [ 24, 20, 7, 20, 3 ],
    [ 23, 19, 3, 20, 3 ],
    [ 24, 19, 6, 20, 3 ],
    [ 23, 18, 4, 20, 3 ],
    [ 24, 18, 5, 20, 3 ],
    [ 23, 15, 1, 21, 3 ],
    [ 24, 15, 8, 21, 3 ],
    [ 23, 14, 2, 21, 3 ],
    [ 24, 14, 7, 21, 3 ],
    [ 23, 13, 3, 21, 3 ],
    [ 24, 13, 6, 21, 3 ],
    [ 23, 12, 4, 21, 3 ],
    [ 24, 12, 5, 21, 3 ],
    [ 23, 9, 1, 22, 2 ],
    [ 23, 8, 2, 22, 2 ],
    [ 23, 7, 3, 22, 2 ],
    [ 29, 9, 4, 22, 2 ],
    [ 29, 8, 5, 22, 2 ],
    [ 29, 7, 6, 22, 2 ],
    [ 23, 4, 1, 23, 2 ],
    [ 23, 3, 2, 23, 2 ],
    [ 29, 4, 3, 23, 2 ],
    [ 29, 3, 4, 23, 2 ],
    [ 27, 31, 1, 24, 4 ],
    [ 28, 31, 6, 24, 4 ],
    [ 27, 30, 2, 24, 4 ],
    [ 28, 30, 5, 24, 4 ],
    [ 27, 29, 3, 24, 4 ],
    [ 28, 29, 4, 24, 4 ],
    [ 27, 27, 1, 25, 4 ],
    [ 28, 27, 8, 25, 4 ],
    [ 27, 26, 2, 25, 4 ],
    [ 28, 26, 7, 25, 4 ],
    [ 27, 25, 3, 25, 4 ],
    [ 28, 25, 6, 25, 4 ],
    [ 27, 24, 4, 25, 4 ],
    [ 28, 24, 5, 25, 4 ],
    [ 28, 21, 1, 26, 3 ],
    [ 29, 21, 8, 26, 3 ],
    [ 28, 20, 2, 26, 3 ],
    [ 29, 20, 7, 26, 3 ],
    [ 28, 19, 3, 26, 3 ],
    [ 29, 19, 6, 26, 3 ],
    [ 28, 18, 4, 26, 3 ],
    [ 29, 18, 5, 26, 3 ],
    [ 28, 15, 1, 27, 3 ],
    [ 29, 15, 8, 27, 3 ],
    [ 28, 14, 2, 27, 3 ],
    [ 29, 14, 7, 27, 3 ],
    [ 28, 13, 3, 27, 3 ],
    [ 29, 13, 6, 27, 3 ],
    [ 28, 12, 4, 27, 3 ],
    [ 29, 12, 5, 27, 3 ],
    [ 31, 31, 1, 28, 4 ],
    [ 32, 31, 6, 28, 4 ],
    [ 31, 30, 2, 28, 4 ],
    [ 32, 30, 5, 28, 4 ],
    [ 31, 29, 3, 28, 4 ],
    [ 32, 29, 4, 28, 4 ],
    [ 31, 27, 1, 29, 4 ],
    [ 32, 27, 8, 29, 4 ],
    [ 31, 26, 2, 29, 4 ],
    [ 32, 26, 7, 29, 4 ],
    [ 31, 25, 3, 29, 4 ],
    [ 32, 25, 6, 29, 4 ],
    [ 31, 24, 4, 29, 4 ],
    [ 32, 24, 5, 29, 4 ],
    [ 32, 21, 1, 30, 3 ],
    [ 33, 21, 8, 30, 3 ],
    [ 32, 20, 2, 30, 3 ],
    [ 33, 20, 7, 30, 3 ],
    [ 32, 19, 3, 30, 3 ],
    [ 33, 19, 6, 30, 3 ],
    [ 32, 18, 4, 30, 3 ],
    [ 33, 18, 5, 30, 3 ],
    [ 32, 15, 1, 31, 3 ],
    [ 33, 15, 8, 31, 3 ],
    [ 32, 14, 2, 31, 3 ],
    [ 33, 14, 7, 31, 3 ],
    [ 32, 13, 3, 31, 3 ],
    [ 33, 13, 6, 31, 3 ],
    [ 32, 12, 4, 31, 3 ],
    [ 33, 12, 5, 31, 3 ],
    [ 32, 9, 1, 32, 2 ],
    [ 33, 9, 6, 32, 2 ],
    [ 32, 8, 2, 32, 2 ],
    [ 33, 8, 5, 32, 2 ],
    [ 32, 7, 3, 32, 2 ],
    [ 33, 7, 4, 32, 2 ],
    [ 32, 4, 1, 33, 2 ],
    [ 33, 4, 4, 33, 2 ],
    [ 32, 3, 2, 33, 2 ],
    [ 33, 3, 3, 33, 2 ],
    [ 36, 18, 1, 34, 5 ],
    [ 37, 18, 4, 34, 5 ],
    [ 36, 17, 2, 34, 5 ],
    [ 37, 17, 3, 34, 5 ],
    [ 36, 14, 1, 35, 5 ],
    [ 37, 14, 6, 35, 5 ],
    [ 36, 13, 2, 35, 5 ],
    [ 37, 13, 5, 35, 5 ],
    [ 36, 12, 3, 35, 5 ],
    [ 37, 12, 4, 35, 5 ],
    [ 36, 8, 1, 36, 5 ],
    [ 37, 8, 2, 36, 5 ],
    [ 38, 8, 3, 36, 5 ],
    [ 39, 8, 4, 36, 5 ],
    [ 40, 8, 5, 36, 5 ],
    [ 36, 9, 6, 36, 5 ],
    [ 37, 9, 7, 36, 5 ],
    [ 38, 9, 8, 36, 5 ],
    [ 39, 9, 9, 36, 5 ],
    [ 40, 9, 10, 36, 5 ],
    [ 40, 18, 1, 37, 5 ],
    [ 41, 18, 4, 37, 5 ],
    [ 40, 17, 2, 37, 5 ],
    [ 41, 17, 3, 37, 5 ],
    [ 40, 14, 1, 38, 5 ],
    [ 41, 14, 6, 38, 5 ],
    [ 40, 13, 2, 38, 5 ],
    [ 41, 13, 5, 38, 5 ],
    [ 40, 12, 3, 38, 5 ],
    [ 41, 12, 4, 38, 5 ],
    [ 44, 18, 1, 39, 5 ],
    [ 45, 18, 4, 39, 5 ],
    [ 44, 17, 2, 39, 5 ],
    [ 45, 17, 3, 39, 5 ],
    [ 44, 14, 1, 40, 5 ],
    [ 45, 14, 8, 40, 5 ],
    [ 44, 13, 2, 40, 5 ],
    [ 45, 13, 7, 40, 5 ],
    [ 44, 12, 3, 40, 5 ],
    [ 45, 12, 6, 40, 5 ],
    [ 44, 11, 4, 40, 5 ],
    [ 45, 11, 5, 40, 5 ]
  ]
}
