{
  //map vars
  "mapSize": [ 49.0 /*x*/, 34.0 /*y*/ ],
  "mapScale": 35.0,
  "spacing": 0.05,
  "mapTex": "Resources/map.png",
  "minimapTex": "Resources/miniMap.png",
  //player vars
  "playerOffset": [ 26.5, 30.0 ],
  "playerSize": 0.5,
  "playerSpeed": 4.0,
  "playerSprintSpeed": 6.0,
  "playerTex": "Resources/ghost.png",
  "playerModulate": [ 0.35 /*r*/, 0.0 /*g*/, 0.7 /*b*/, 0.75 /*a*/ ],
  //instance vars
  "instanceUnlitTex": "Resources/white.png",
  "instanceWorkingTex": "Resources/green.png",
  "instanceBrokenTex": "Resources/red.png",
  //data for each machine
  //x, y, id, bank, zone
  "instanceData": [
    [ 3, 14, 1, 1, 1 ],
    [ 4, 14, 4, 1, 1 ],
    [ 3, 15, 2, 1, 1 ],
    [ 4, 15, 3, 1, 1 ],
    [ 3, 18, 1, 2, 1 ],
    [ 4, 18, 8, 2, 1 ],
    [ 3, 19, 2, 2, 1 ],
    [ 4, 19, 7, 2, 1 ],
    [ 3, 20, 3, 2, 1 ],
    [ 4, 20, 6, 2, 1 ],
    [ 3, 21, 4, 2, 1 ],
    [ 4, 21, 5, 2, 1 ],
    [ 3, 24, 1, 3, 1 ],
    [ 4, 24, 6, 3, 1 ],
    [ 3, 25, 2, 3, 1 ],
    [ 4, 25, 5, 3, 1 ],
    [ 3, 26, 3, 3, 1 ],
    [ 4, 26, 4, 3, 1 ],
    [ 7, 12, 1, 4, 1 ],
    [ 8, 12, 8, 4, 1 ],
    [ 7, 13, 2, 4, 1 ],
    [ 8, 13, 7, 4, 1 ],
    [ 7, 14, 3, 4, 1 ],
    [ 8, 14, 6, 4, 1 ],
    [ 7, 15, 4, 4, 1 ],
    [ 8, 15, 5, 4, 1 ],
    [ 7, 18, 1, 5, 1 ],
    [ 8, 18, 8, 5, 1 ],
    [ 7, 19, 2, 5, 1 ],
    [ 8, 19, 7, 5, 1 ],
    [ 7, 20, 3, 5, 1 ],
    [ 8, 20, 6, 5, 1 ],
    [ 7, 21, 4, 5, 1 ],
    [ 8, 21, 5, 5, 1 ],
    [ 7, 24, 1, 6, 1 ],
    [ 8, 24, 6, 6, 1 ],
    [ 7, 25, 2, 6, 1 ],
    [ 8, 25, 5, 6, 1 ],
    [ 7, 26, 3, 6, 1 ],
    [ 8, 26, 4, 6, 1 ],
    [ 11, 12, 1, 7, 1 ],
    [ 12, 12, 8, 7, 1 ],
    [ 11, 13, 2, 7, 1 ],
    [ 12, 13, 7, 7, 1 ],
    [ 11, 14, 3, 7, 1 ],
    [ 12, 14, 6, 7, 1 ],
    [ 11, 15, 4, 7, 1 ],
    [ 12, 15, 5, 7, 1 ],
    [ 11, 18, 1, 8, 1 ],
    [ 12, 18, 8, 8, 1 ],
    [ 11, 19, 2, 8, 1 ],
    [ 12, 19, 7, 8, 1 ],
    [ 11, 20, 3, 8, 1 ],
    [ 12, 20, 6, 8, 1 ],
    [ 11, 21, 4, 8, 1 ],
    [ 12, 21, 5, 8, 1 ],
    [ 11, 24, 1, 9, 1 ],
    [ 12, 24, 6, 9, 1 ],
    [ 11, 25, 2, 9, 1 ],
    [ 12, 25, 5, 9, 1 ],
    [ 11, 26, 3, 9, 1 ],
    [ 12, 26, 4, 9, 1 ],
    [ 15, 12, 1, 10, 1 ],
    [ 16, 12, 8, 10, 1 ],
    [ 15, 13, 2, 10, 1 ],
    [ 16, 13, 7, 10, 1 ],
    [ 15, 14, 3, 10, 1 ],
    [ 16, 14, 6, 10, 1 ],
    [ 15, 15, 4, 10, 1 ],
    [ 16, 15, 5, 10, 1 ],
    [ 15, 18, 1, 11, 1 ],
    [ 16, 18, 8, 11, 1 ],
    [ 15, 19, 2, 11, 1 ],
    [ 16, 19, 7, 11, 1 ],
    [ 15, 20, 3, 11, 1 ],
    [ 16, 20, 6, 11, 1 ],
    [ 15, 21, 4, 11, 1 ],
    [ 16, 21, 5, 11, 1 ],
    [ 15, 24, 1, 12, 1 ],
    [ 16, 24, 6, 12, 1 ],
    [ 15, 25, 2, 12, 1 ],
    [ 16, 25, 5, 12, 1 ],
    [ 15, 26, 3, 12, 1 ],
    [ 16, 26, 4, 12, 1 ],
    [ 15, 29, 1, 13, 1 ],
    [ 16, 29, 4, 13, 1 ],
    [ 15, 30, 2, 13, 1 ],
    [ 16, 30, 3, 13, 1 ],
    [ 19, 12, 1, 14, 3 ],
    [ 20, 12, 8, 14, 3 ],
    [ 19, 13, 2, 14, 3 ],
    [ 20, 13, 7, 14, 3 ],
    [ 19, 14, 3, 14, 3 ],
    [ 20, 14, 6, 14, 3 ],
    [ 19, 15, 4, 14, 3 ],
    [ 20, 15, 5, 14, 3 ],
    [ 19, 18, 1, 15, 3 ],
    [ 20, 18, 8, 15, 3 ],
    [ 19, 19, 2, 15, 3 ],
    [ 20, 19, 7, 15, 3 ],
    [ 19, 20, 3, 15, 3 ],
    [ 20, 20, 6, 15, 3 ],
    [ 19, 21, 4, 15, 3 ],
    [ 20, 21, 5, 15, 3 ],
    [ 19, 24, 1, 16, 2 ],
    [ 20, 24, 6, 16, 2 ],
    [ 19, 25, 2, 16, 2 ],
    [ 20, 25, 5, 16, 2 ],
    [ 19, 26, 3, 16, 2 ],
    [ 20, 26, 4, 16, 2 ],
    [ 19, 29, 1, 17, 2 ],
    [ 20, 29, 4, 17, 2 ],
    [ 19, 30, 2, 17, 2 ],
    [ 20, 30, 3, 17, 2 ],
    [ 23, 2, 1, 18, 4 ],
    [ 24, 2, 6, 18, 4 ],
    [ 23, 3, 2, 18, 4 ],
    [ 24, 3, 5, 18, 4 ],
    [ 23, 4, 3, 18, 4 ],
    [ 24, 4, 4, 18, 4 ],
    [ 23, 6, 1, 19, 4 ],
    [ 24, 6, 8, 19, 4 ],
    [ 23, 7, 2, 19, 4 ],
    [ 24, 7, 7, 19, 4 ],
    [ 23, 8, 3, 19, 4 ],
    [ 24, 8, 6, 19, 4 ],
    [ 23, 9, 4, 19, 4 ],
    [ 24, 9, 5, 19, 4 ],
    [ 23, 12, 1, 20, 3 ],
    [ 24, 12, 8, 20, 3 ],
    [ 23, 13, 2, 20, 3 ],
    [ 24, 13, 7, 20, 3 ],
    [ 23, 14, 3, 20, 3 ],
    [ 24, 14, 6, 20, 3 ],
    [ 23, 15, 4, 20, 3 ],
    [ 24, 15, 5, 20, 3 ],
    [ 23, 18, 1, 21, 3 ],
    [ 24, 18, 8, 21, 3 ],
    [ 23, 19, 2, 21, 3 ],
    [ 24, 19, 7, 21, 3 ],
    [ 23, 20, 3, 21, 3 ],
    [ 24, 20, 6, 21, 3 ],
    [ 23, 21, 4, 21, 3 ],
    [ 24, 21, 5, 21, 3 ],
    [ 23, 24, 1, 22, 2 ],
    [ 23, 25, 2, 22, 2 ],
    [ 23, 26, 3, 22, 2 ],
    [ 29, 24, 4, 22, 2 ],
    [ 29, 25, 5, 22, 2 ],
    [ 29, 26, 6, 22, 2 ],
    [ 23, 29, 1, 23, 2 ],
    [ 23, 30, 2, 23, 2 ],
    [ 29, 29, 3, 23, 2 ],
    [ 29, 30, 4, 23, 2 ],
    [ 27, 2, 1, 24, 4 ],
    [ 28, 2, 6, 24, 4 ],
    [ 27, 3, 2, 24, 4 ],
    [ 28, 3, 5, 24, 4 ],
    [ 27, 4, 3, 24, 4 ],
    [ 28, 4, 4, 24, 4 ],
    [ 27, 6, 1, 25, 4 ],
    [ 28, 6, 8, 25, 4 ],
    [ 27, 7, 2, 25, 4 ],
    [ 28, 7, 7, 25, 4 ],
    [ 27, 8, 3, 25, 4 ],
    [ 28, 8, 6, 25, 4 ],
    [ 27, 9, 4, 25, 4 ],
    [ 28, 9, 5, 25, 4 ],
    [ 28, 12, 1, 26, 3 ],
    [ 29, 12, 8, 26, 3 ],
    [ 28, 13, 2, 26, 3 ],
    [ 29, 13, 7, 26, 3 ],
    [ 28, 14, 3, 26, 3 ],
    [ 29, 14, 6, 26, 3 ],
    [ 28, 15, 4, 26, 3 ],
    [ 29, 15, 5, 26, 3 ],
    [ 28, 18, 1, 27, 3 ],
    [ 29, 18, 8, 27, 3 ],
    [ 28, 19, 2, 27, 3 ],
    [ 29, 19, 7, 27, 3 ],
    [ 28, 20, 3, 27, 3 ],
    [ 29, 20, 6, 27, 3 ],
    [ 28, 21, 4, 27, 3 ],
    [ 29, 21, 5, 27, 3 ],
    [ 31, 2, 1, 28, 4 ],
    [ 32, 2, 6, 28, 4 ],
    [ 31, 3, 2, 28, 4 ],
    [ 32, 3, 5, 28, 4 ],
    [ 31, 4, 3, 28, 4 ],
    [ 32, 4, 4, 28, 4 ],
    [ 31, 6, 1, 29, 4 ],
    [ 32, 6, 8, 29, 4 ],
    [ 31, 7, 2, 29, 4 ],
    [ 32, 7, 7, 29, 4 ],
    [ 31, 8, 3, 29, 4 ],
    [ 32, 8, 6, 29, 4 ],
    [ 31, 9, 4, 29, 4 ],
    [ 32, 9, 5, 29, 4 ],
    [ 32, 12, 1, 30, 3 ],
    [ 33, 12, 8, 30, 3 ],
    [ 32, 13, 2, 30, 3 ],
    [ 33, 13, 7, 30, 3 ],
    [ 32, 14, 3, 30, 3 ],
    [ 33, 14, 6, 30, 3 ],
    [ 32, 15, 4, 30, 3 ],
    [ 33, 15, 5, 30, 3 ],
    [ 32, 18, 1, 31, 3 ],
    [ 33, 18, 8, 31, 3 ],
    [ 32, 19, 2, 31, 3 ],
    [ 33, 19, 7, 31, 3 ],
    [ 32, 20, 3, 31, 3 ],
    [ 33, 20, 6, 31, 3 ],
    [ 32, 21, 4, 31, 3 ],
    [ 33, 21, 5, 31, 3 ],
    [ 32, 24, 1, 32, 2 ],
    [ 33, 24, 6, 32, 2 ],
    [ 32, 25, 2, 32, 2 ],
    [ 33, 25, 5, 32, 2 ],
    [ 32, 26, 3, 32, 2 ],
    [ 33, 26, 4, 32, 2 ],
    [ 32, 29, 1, 33, 2 ],
    [ 33, 29, 4, 33, 2 ],
    [ 32, 30, 2, 33, 2 ],
    [ 33, 30, 3, 33, 2 ],
    [ 36, 15, 1, 34, 5 ],
    [ 37, 15, 4, 34, 5 ],
    [ 36, 16, 2, 34, 5 ],
    [ 37, 16, 3, 34, 5 ],
    [ 36, 19, 1, 35, 5 ],
    [ 37, 19, 6, 35, 5 ],
    [ 36, 20, 2, 35, 5 ],
    [ 37, 20, 5, 35, 5 ],
    [ 36, 21, 3, 35, 5 ],
    [ 37, 21, 4, 35, 5 ],
    [ 36, 25, 1, 36, 5 ],
    [ 37, 25, 2, 36, 5 ],
    [ 38, 25, 3, 36, 5 ],
    [ 39, 25, 4, 36, 5 ],
    [ 40, 25, 5, 36, 5 ],
    [ 36, 24, 6, 36, 5 ],
    [ 37, 24, 7, 36, 5 ],
    [ 38, 24, 8, 36, 5 ],
    [ 39, 24, 9, 36, 5 ],
    [ 40, 24, 10, 36, 5 ],
    [ 40, 15, 1, 37, 5 ],
    [ 41, 15, 4, 37, 5 ],
    [ 40, 16, 2, 37, 5 ],
    [ 41, 16, 3, 37, 5 ],
    [ 40, 19, 1, 38, 5 ],
    [ 41, 19, 6, 38, 5 ],
    [ 40, 20, 2, 38, 5 ],
    [ 41, 20, 5, 38, 5 ],
    [ 40, 21, 3, 38, 5 ],
    [ 41, 21, 4, 38, 5 ],
    [ 44, 15, 1, 39, 5 ],
    [ 45, 15, 4, 39, 5 ],
    [ 44, 16, 2, 39, 5 ],
    [ 45, 16, 3, 39, 5 ],
    [ 44, 19, 1, 40, 5 ],
    [ 45, 19, 8, 40, 5 ],
    [ 44, 20, 2, 40, 5 ],
    [ 45, 20, 7, 40, 5 ],
    [ 44, 21, 3, 40, 5 ],
    [ 45, 21, 6, 40, 5 ],
    [ 44, 22, 4, 40, 5 ],
    [ 45, 22, 5, 40, 5 ]
  ]
}